{"meta": {"version": "5.0.4", "timestamp": "2025-05-11T03:02:14.648848", "branch_coverage": false, "show_contexts": false}, "files": {"black.py": {"executed_lines": [1, 2, 3, 4, 5, 6, 7, 8, 9, 10, 11, 12, 13, 14, 15, 16, 17, 18, 38, 39, 40, 43, 44, 45, 46, 49, 50, 51, 54, 55, 59, 60, 61, 62, 63, 64, 65, 66, 67, 68, 69, 70, 71, 72, 73, 74, 76, 77, 80, 81, 84, 85, 92, 93, 99, 103, 106, 112, 113, 116, 117, 120, 121, 122, 123, 125, 126, 133, 134, 135, 136, 139, 140, 141, 142, 143, 145, 146, 159, 160, 168, 177, 185, 191, 200, 205, 210, 223, 235, 244, 253, 254, 261, 262, 345, 388, 457, 508, 544, 570, 577, 602, 616, 623, 625, 626, 650, 656, 659, 660, 662, 678, 685, 686, 687, 689, 709, 710, 719, 720, 721, 722, 732, 733, 734, 742, 758, 759, 766, 773, 790, 806, 807, 808, 809, 810, 811, 812, 828, 831, 832, 833, 835, 836, 837, 838, 839, 840, 842, 882, 886, 894, 905, 918, 927, 940, 949, 954, 955, 956, 958, 959, 960, 961, 962, 963, 965, 993, 1010, 1011, 1015, 1016, 1020, 1021, 1025, 1026, 1034, 1035, 1041, 1042, 1060, 1061, 1076, 1077, 1085, 1094, 1148, 1170, 1187, 1196, 1214, 1229, 1234, 1235, 1237, 1257, 1270, 1274, 1278, 1283, 1284, 1285, 1293, 1294, 1295, 1296, 1298, 1313, 1389, 1390, 1391, 1397, 1398, 1399, 1400, 1402, 1421, 1433, 1474, 1480, 1494, 1515, 1522, 1538, 1553, 1559, 1563, 1568, 1586, 1610, 1611, 1612, 1613, 1614, 1615, 1618, 1848, 1866, 1874, 1888, 1979, 2036, 2055, 2124, 2166, 2244, 2270, 2276, 2277, 2282, 2285, 2286, 2349, 2350, 2378, 2392, 2410, 2426, 2487, 2535, 2559, 2569, 2592, 2613, 2636, 2642, 2655, 2671, 2699, 2711, 2730, 2760, 2814, 2849, 2880, 2909, 2910, 2911, 2913, 2914, 2915, 2916, 2917, 2918, 2920, 2936, 2941, 2945, 2946, 2964, 2994, 3057, 3075, 3089, 3100, 3107, 3129, 3138, 3146, 3169, 3183, 3272, 3281, 3299, 3305, 3321, 3336], "summary": {"covered_lines": 295, "num_statements": 1695, "percent_covered": 17.404129793510325, "missing_lines": 1400, "excluded_lines": 0}, "missing_lines": [100, 101, 104, 108, 109, 127, 128, 130, 149, 150, 151, 152, 153, 154, 155, 156, 278, 279, 282, 283, 284, 285, 286, 287, 288, 289, 290, 291, 292, 293, 294, 295, 296, 297, 298, 301, 303, 305, 306, 307, 308, 309, 310, 312, 313, 322, 323, 324, 325, 338, 339, 340, 341, 342, 359, 360, 361, 362, 365, 367, 368, 369, 370, 371, 372, 373, 380, 381, 382, 383, 384, 385, 405, 406, 407, 408, 409, 410, 411, 412, 413, 414, 415, 418, 419, 420, 433, 434, 435, 436, 437, 439, 440, 441, 442, 443, 444, 445, 446, 447, 449, 450, 451, 452, 453, 454, 470, 471, 473, 474, 475, 476, 477, 480, 481, 483, 484, 485, 486, 487, 488, 489, 490, 491, 492, 493, 494, 500, 501, 503, 504, 505, 520, 521, 522, 523, 524, 525, 527, 528, 531, 534, 535, 536, 537, 538, 539, 540, 541, 557, 558, 560, 561, 562, 564, 565, 566, 567, 578, 579, 580, 581, 582, 583, 588, 589, 590, 591, 592, 593, 594, 595, 596, 597, 598, 599, 608, 609, 610, 611, 612, 613, 627, 628, 629, 630, 631, 632, 634, 635, 636, 637, 638, 639, 640, 641, 643, 645, 646, 647, 652, 653, 672, 673, 675, 676, 680, 681, 682, 690, 691, 692, 693, 694, 695, 696, 698, 699, 701, 702, 703, 706, 707, 715, 716, 857, 858, 860, 861, 862, 863, 864, 865, 866, 867, 868, 869, 870, 872, 873, 874, 875, 876, 877, 878, 879, 880, 884, 892, 899, 900, 902, 903, 911, 912, 913, 914, 916, 920, 921, 922, 923, 925, 933, 934, 935, 936, 938, 942, 943, 944, 945, 947, 951, 975, 976, 977, 979, 980, 981, 984, 987, 988, 989, 990, 991, 999, 1000, 1001, 1003, 1004, 1008, 1013, 1018, 1023, 1028, 1037, 1044, 1045, 1046, 1047, 1049, 1050, 1051, 1052, 1053, 1066, 1079, 1087, 1088, 1089, 1090, 1092, 1096, 1101, 1103, 1104, 1105, 1107, 1108, 1109, 1110, 1111, 1115, 1116, 1117, 1121, 1122, 1123, 1124, 1125, 1126, 1129, 1131, 1132, 1133, 1135, 1136, 1137, 1138, 1139, 1140, 1142, 1143, 1144, 1146, 1150, 1154, 1155, 1157, 1158, 1160, 1161, 1162, 1163, 1164, 1167, 1168, 1175, 1176, 1177, 1178, 1181, 1183, 1184, 1185, 1189, 1190, 1191, 1192, 1193, 1194, 1198, 1201, 1202, 1204, 1205, 1209, 1210, 1216, 1217, 1219, 1220, 1221, 1222, 1223, 1224, 1225, 1226, 1227, 1231, 1245, 1246, 1247, 1248, 1249, 1251, 1252, 1253, 1254, 1255, 1262, 1263, 1265, 1266, 1267, 1268, 1272, 1276, 1280, 1304, 1305, 1307, 1308, 1309, 1310, 1311, 1314, 1315, 1316, 1317, 1319, 1320, 1321, 1322, 1324, 1325, 1326, 1327, 1328, 1329, 1331, 1332, 1333, 1334, 1335, 1336, 1338, 1340, 1341, 1343, 1346, 1348, 1353, 1355, 1356, 1357, 1358, 1359, 1360, 1362, 1364, 1366, 1367, 1368, 1369, 1371, 1377, 1379, 1384, 1386, 1410, 1411, 1412, 1414, 1415, 1417, 1418, 1419, 1426, 1428, 1431, 1435, 1436, 1437, 1438, 1439, 1441, 1442, 1444, 1445, 1449, 1451, 1452, 1454, 1455, 1456, 1457, 1459, 1462, 1463, 1466, 1467, 1468, 1469, 1470, 1471, 1472, 1477, 1478, 1485, 1489, 1492, 1508, 1509, 1510, 1511, 1513, 1517, 1518, 1520, 1524, 1525, 1526, 1527, 1529, 1530, 1531, 1534, 1535, 1536, 1540, 1542, 1543, 1544, 1546, 1547, 1549, 1550, 1551, 1555, 1556, 1557, 1561, 1565, 1566, 1570, 1571, 1572, 1575, 1576, 1577, 1578, 1579, 1580, 1582, 1584, 1588, 1589, 1590, 1591, 1594, 1595, 1596, 1599, 1600, 1601, 1602, 1603, 1604, 1605, 1606, 1607, 1624, 1625, 1626, 1627, 1628, 1629, 1630, 1631, 1633, 1634, 1636, 1637, 1642, 1644, 1645, 1646, 1647, 1648, 1650, 1651, 1652, 1654, 1655, 1657, 1659, 1660, 1661, 1667, 1669, 1673, 1675, 1676, 1677, 1679, 1680, 1681, 1683, 1688, 1690, 1699, 1701, 1702, 1704, 1706, 1707, 1709, 1711, 1712, 1714, 1716, 1717, 1719, 1720, 1721, 1723, 1726, 1728, 1729, 1731, 1733, 1734, 1735, 1736, 1738, 1740, 1741, 1743, 1744, 1745, 1746, 1747, 1749, 1750, 1752, 1753, 1755, 1757, 1758, 1760, 1761, 1762, 1763, 1765, 1766, 1768, 1770, 1772, 1773, 1774, 1776, 1777, 1778, 1780, 1781, 1782, 1784, 1785, 1787, 1789, 1790, 1791, 1792, 1794, 1796, 1797, 1799, 1800, 1802, 1804, 1806, 1807, 1809, 1811, 1812, 1813, 1814, 1816, 1817, 1818, 1822, 1824, 1825, 1827, 1828, 1830, 1831, 1832, 1833, 1835, 1836, 1837, 1839, 1840, 1842, 1843, 1845, 1850, 1851, 1852, 1853, 1854, 1856, 1857, 1859, 1860, 1862, 1863, 1868, 1869, 1870, 1871, 1882, 1883, 1885, 1896, 1899, 1901, 1907, 1909, 1914, 1916, 1917, 1919, 1924, 1926, 1927, 1929, 1934, 1936, 1941, 1943, 1944, 1946, 1947, 1949, 1959, 1961, 1971, 1973, 1974, 1976, 1998, 1999, 2000, 2002, 2003, 2005, 2006, 2007, 2008, 2009, 2010, 2011, 2012, 2013, 2015, 2016, 2018, 2019, 2020, 2022, 2023, 2025, 2026, 2027, 2029, 2030, 2031, 2033, 2044, 2045, 2046, 2048, 2049, 2050, 2051, 2052, 2068, 2069, 2070, 2072, 2073, 2076, 2077, 2080, 2081, 2084, 2085, 2086, 2087, 2088, 2089, 2094, 2096, 2097, 2099, 2100, 2104, 2105, 2106, 2107, 2108, 2110, 2113, 2114, 2117, 2118, 2121, 2131, 2132, 2133, 2134, 2135, 2136, 2137, 2138, 2139, 2140, 2145, 2146, 2147, 2148, 2149, 2150, 2152, 2153, 2155, 2156, 2157, 2158, 2159, 2160, 2161, 2162, 2163, 2177, 2178, 2179, 2180, 2181, 2182, 2183, 2184, 2185, 2186, 2187, 2188, 2189, 2190, 2191, 2192, 2193, 2194, 2195, 2196, 2197, 2198, 2200, 2201, 2202, 2205, 2208, 2209, 2210, 2211, 2212, 2213, 2214, 2215, 2228, 2229, 2230, 2231, 2232, 2233, 2234, 2236, 2237, 2238, 2239, 2240, 2241, 2258, 2259, 2260, 2261, 2263, 2264, 2278, 2279, 2280, 2292, 2293, 2294, 2295, 2297, 2298, 2299, 2300, 2301, 2303, 2304, 2305, 2307, 2308, 2309, 2311, 2314, 2315, 2316, 2317, 2319, 2320, 2322, 2323, 2325, 2326, 2328, 2329, 2332, 2333, 2334, 2335, 2337, 2338, 2339, 2345, 2346, 2352, 2353, 2355, 2357, 2360, 2361, 2362, 2363, 2365, 2366, 2368, 2369, 2371, 2372, 2374, 2375, 2380, 2381, 2382, 2383, 2398, 2399, 2400, 2401, 2402, 2403, 2404, 2405, 2407, 2417, 2418, 2419, 2420, 2421, 2422, 2423, 2434, 2435, 2436, 2438, 2439, 2440, 2441, 2442, 2443, 2445, 2446, 2447, 2448, 2449, 2451, 2452, 2453, 2454, 2455, 2456, 2457, 2460, 2463, 2466, 2467, 2469, 2470, 2471, 2472, 2473, 2475, 2476, 2477, 2478, 2479, 2481, 2482, 2484, 2496, 2497, 2498, 2499, 2501, 2502, 2503, 2504, 2505, 2506, 2508, 2509, 2510, 2511, 2512, 2515, 2517, 2518, 2519, 2521, 2522, 2523, 2525, 2527, 2528, 2529, 2530, 2532, 2537, 2544, 2546, 2547, 2548, 2550, 2551, 2552, 2553, 2554, 2556, 2561, 2571, 2572, 2573, 2575, 2576, 2581, 2583, 2585, 2594, 2595, 2597, 2598, 2600, 