{"meta": {"version": "5.0.4", "timestamp": "2025-05-11T01:32:44.874462", "branch_coverage": false, "show_contexts": false}, "files": {"black.py": {"executed_lines": [1, 2, 3, 4, 5, 6, 7, 8, 9, 10, 11, 12, 13, 14, 15, 16, 17, 18, 19, 39, 40, 41, 42, 45, 46, 47, 48, 49, 52, 53, 54, 57, 58, 62, 63, 64, 65, 66, 67, 68, 69, 70, 71, 72, 73, 74, 75, 76, 77, 79, 80, 83, 84, 87, 88, 91, 92, 95, 96, 97, 98, 99, 101, 102, 109, 110, 111, 112, 115, 116, 117, 118, 119, 120, 121, 122, 124, 125, 128, 131, 133, 134, 135, 136, 139, 165, 166, 167, 168, 169, 170, 172, 189, 193, 229, 230, 238, 249, 259, 267, 273, 282, 287, 292, 305, 317, 326, 335, 336, 344, 353, 354, 457, 491, 560, 609, 642, 664, 669, 701, 718, 725, 726, 728, 735, 738, 740, 743, 744, 745, 746, 749, 750, 751, 752, 753, 756, 758, 765, 771, 774, 775, 777, 793, 800, 801, 802, 804, 824, 825, 836, 837, 847, 848, 849, 850, 858, 874, 875, 882, 889, 906, 922, 923, 924, 925, 926, 927, 928, 944, 947, 948, 949, 951, 952, 953, 954, 955, 956, 958, 998, 1002, 1010, 1021, 1034, 1048, 1061, 1074, 1079, 1080, 1081, 1083, 1084, 1085, 1086, 1087, 1088, 1090, 1118, 1135, 1136, 1140, 1141, 1145, 1146, 1150, 1151, 1159, 1160, 1166, 1167, 1185, 1186, 1201, 1202, 1210, 1218, 1242, 1249, 1303, 1323, 1327, 1335, 1353, 1368, 1373, 1374, 1375, 1383, 1384, 1385, 1386, 1388, 1400, 1439, 1484, 1485, 1486, 1492, 1493, 1494, 1495, 1497, 1513, 1543, 1549, 1563, 1584, 1591, 1607, 1622, 1628, 1632, 1637, 1642, 1667, 1668, 1669, 1670, 1671, 1672, 1675, 1905, 1923, 1931, 1956, 1970, 2066, 2067, 2070, 2093, 2094, 2095, 2105, 2106, 2107, 2108, 2111, 2112, 2142, 2161, 2244, 2282, 2376, 2402, 2431, 2437, 2438, 2445, 2448, 2449, 2514, 2515, 2545, 2559, 2567, 2585, 2601, 2668, 2704, 2713, 2765, 2772, 2826, 2842, 2870, 2880, 2903, 2924, 2947, 2953, 2966, 2982, 3010, 3022, 3042, 3078, 3086, 3136, 3179, 3222, 3223, 3252, 3253, 3254, 3256, 3257, 3258, 3259, 3260, 3261, 3263, 3279, 3284, 3288, 3289, 3307, 3337, 3409, 3425, 3439, 3450, 3457, 3483, 3492, 3502, 3510, 3533, 3547, 3583, 3672, 3676, 3694, 3700, 3716, 3729, 3751, 3757], "summary": {"covered_lines": 348, "num_statements": 1888, "percent_covered": 18.43220338983051, "missing_lines": 1540, "excluded_lines": 0}, "missing_lines": [103, 104, 106, 173, 174, 179, 180, 186, 190, 201, 202, 203, 204, 205, 206, 208, 210, 211, 212, 213, 214, 218, 219, 221, 222, 223, 226, 372, 373, 374, 375, 376, 378, 379, 380, 384, 387, 388, 394, 395, 396, 397, 398, 399, 400, 401, 402, 403, 404, 405, 406, 407, 408, 409, 410, 411, 412, 415, 417, 419, 420, 421, 422, 423, 425, 426, 434, 435, 436, 437, 449, 450, 451, 452, 453, 454, 466, 467, 468, 469, 470, 472, 473, 474, 475, 476, 477, 478, 481, 482, 485, 486, 487, 488, 507, 508, 509, 510, 511, 512, 513, 514, 516, 517, 518, 519, 522, 523, 524, 530, 531, 532, 533, 534, 536, 537, 538, 539, 540, 541, 542, 543, 544, 546, 549, 552, 553, 554, 555, 556, 557, 573, 574, 576, 577, 578, 579, 580, 581, 582, 584, 585, 586, 587, 588, 589, 590, 591, 592, 593, 594, 595, 601, 602, 604, 605, 606, 618, 619, 620, 621, 622, 623, 625, 626, 629, 632, 633, 634, 635, 636, 637, 638, 639, 651, 652, 654, 655, 656, 658, 659, 660, 661, 670, 671, 672, 673, 675, 676, 677, 683, 684, 685, 686, 687, 688, 689, 690, 691, 692, 697, 698, 707, 708, 709, 710, 712, 713, 714, 715, 727, 730, 741, 747, 754, 755, 760, 761, 762, 767, 768, 787, 788, 790, 791, 795, 796, 797, 805, 806, 807, 808, 809, 810, 811, 813, 814, 816, 817, 818, 821, 822, 830, 831, 832, 833, 973, 974, 976, 977, 978, 979, 980, 981, 982, 983, 984, 985, 986, 988, 989, 990, 991, 992, 993, 994, 995, 996, 1000, 1008, 1015, 1016, 1018, 1019, 1027, 1028, 1029, 1030, 1032, 1036, 1042, 1043, 1044, 1046, 1054, 1055, 1056, 1057, 1059, 1063, 1068, 1069, 1070, 1072, 1076, 1100, 1101, 1102, 1104, 1105, 1106, 1109, 1112, 1113, 1114, 1115, 1116, 1124, 1125, 1126, 1128, 1129, 1133, 1138, 1143, 1148, 1153, 1162, 1169, 1170, 1171, 1172, 1174, 1175, 1176, 1177, 1178, 1191, 1204, 1212, 1213, 1214, 1215, 1216, 1219, 1220, 1221, 1222, 1223, 1227, 1228, 1229, 1230, 1232, 1233, 1234, 1236, 1237, 1238, 1240, 1243, 1244, 1245, 1247, 1251, 1256, 1258, 1259, 1260, 1262, 1263, 1264, 1265, 1266, 1270, 1271, 1272, 1276, 1277, 1278, 1279, 1280, 1281, 1284, 1286, 1287, 1288, 1290, 1291, 1292, 1293, 1294, 1295, 1297, 1298, 1299, 1301, 1305, 1309, 1310, 1312, 1313, 1315, 1316, 1317, 1318, 1320, 1321, 1325, 1329, 1330, 1331, 1337, 1338, 1339, 1341, 1343, 1344, 1345, 1347, 1348, 1349, 1355, 1356, 1358, 1359, 1360, 1361, 1362, 1363, 1364, 1365, 1366, 1370, 1394, 1395, 1396, 1397, 1398, 1401, 1402, 1403, 1404, 1406, 1407, 1408, 1409, 1411, 1412, 1413, 1414, 1415, 1416, 1418, 1419, 1420, 1422, 1428, 1430, 1435, 1437, 1442, 1443, 1444, 1446, 1448, 1449, 1451, 1454, 1456, 1461, 1463, 1464, 1465, 1466, 1467, 1469, 1471, 1472, 1474, 1476, 1478, 1479, 1480, 1481, 1505, 1506, 1507, 1509, 1510, 1511, 1515, 1516, 1517, 1518, 1520, 1521, 1523, 1524, 1528, 1530, 1531, 1533, 1534, 1535, 1536, 1537, 1538, 1539, 1540, 1541, 1546, 1547, 1554, 1558, 1561, 1577, 1578, 1579, 1580, 1582, 1586, 1587, 1589, 1593, 1594, 1595, 1596, 1598, 1599, 1600, 1603, 1604, 1605, 1609, 1611, 1612, 1613, 1615, 1616, 1618, 1619, 1620, 1624, 1625, 1626, 1630, 1634, 1635, 1638, 1639, 1640, 1644, 1645, 1646, 1647, 1650, 1651, 1652, 1655, 1656, 1657, 1658, 1659, 1660, 1661, 1662, 1663, 1664, 1681, 1682, 1683, 1684, 1685, 1686, 1687, 1688, 1690, 1691, 1693, 1694, 1699, 1701, 1702, 1703, 1704, 1705, 1707, 1708, 1709, 1711, 1712, 1714, 1716, 1717, 1718, 1724, 1726, 1730, 1732, 1733, 1734, 1736, 1737, 1738, 1740, 1745, 1747, 1756, 1758, 1759, 1761, 1763, 1764, 1766, 1768, 1769, 1771, 1773, 1774, 1776, 1777, 1778, 1780, 1783, 1785, 1786, 1788, 1790, 1791, 1792, 1793, 1795, 1797, 1798, 1800, 1801, 1802, 1803, 1804, 1806, 1807, 1809, 1810, 1812, 1814, 1815, 1817, 1818, 1819, 1820, 1822, 1823, 1825, 1827, 1829, 1830, 1831, 1833, 1834, 1835, 1837, 1838, 1839, 1841, 1842, 1844, 1846, 1847, 1848, 1849, 1851, 1853, 1854, 1856, 1857, 1859, 1861, 1863, 1864, 1866, 1868, 1869, 1870, 1871, 1873, 1874, 1875, 1879, 1881, 1882, 1884, 1885, 1887, 1888, 1889, 1890, 1892, 1893, 1894, 1896, 1897, 1899, 1900, 1902, 1907, 1908, 1909, 1910, 1911, 1913, 1914, 1916, 1917, 1919, 1920, 1925, 1926, 1927, 1928, 1936, 1937, 1938, 1939, 1940, 1941, 1943, 1944, 1946, 1947, 1949, 1950, 1952, 1953, 1964, 1965, 1967, 1978, 1981, 1983, 1989, 1991, 1996, 1998, 1999, 2001, 2006, 2008, 2009, 2011, 2017, 2021, 2023, 2028, 2030, 2031, 2033, 2034, 2036, 2046, 2048, 2058, 2060, 2061, 2063, 2089, 2090, 2114, 2115, 2116, 2118, 2119, 2120, 2121, 2122, 2123, 2124, 2125, 2126, 2128, 2129, 2131, 2132, 2133, 2138, 2139, 2150, 2151, 2152, 2154, 2155, 2156, 2157, 2158, 2176, 2177, 2178, 2180, 2182, 2187, 2188, 2191, 2192, 2195, 2196, 2197, 2202, 2203, 2204, 2209, 2211, 2212, 2214, 2215, 2219, 2220, 2221, 2222, 2223, 2225, 2233, 2234, 2237, 2238, 2241, 2253, 2254, 2255, 2256, 2257, 2258, 2259, 2264, 2265, 2266, 2267, 2268, 2269, 2270, 2271, 2273, 2274, 2275, 2276, 2277, 2278, 2279, 2296, 2297, 2298, 2299, 2300, 2301, 2302, 2303, 2304, 2305, 2306, 2307, 2308, 2309, 2310, 2311, 2312, 2316, 2318, 2319, 2320, 2321, 2322, 2323, 2324, 2325, 2342, 2343, 2344, 2350, 2352, 2353, 2357, 2361, 2362, 2369, 2370, 2371, 2372, 2373, 2390, 2391, 2392, 2393, 2395, 2396, 2410, 2411, 2412, 2413, 2414, 2416, 2418, 2419, 2420, 2422, 2423, 2424, 2425, 2426, 2427, 2428, 2441, 2442, 2443, 2457, 2458, 2459, 2460, 2462, 2463, 2464, 2465, 2466, 2468, 2469, 2470, 2472, 2473, 2474, 2476, 2479, 2480, 2481, 2482, 2484, 2485, 2487, 2488, 2490, 2491, 2493, 2494, 2497, 2498, 2499, 2500, 2502, 2503, 2504, 2510, 2511, 2519, 2520, 2522, 2524, 2527, 2528, 2529, 2530, 2532, 2533, 2535, 2536, 2538, 2539, 2541, 2542, 2547, 2548, 2549, 2550, 2562, 2563, 2564, 2573, 2574, 2575, 2576, 2577, 2578, 2579, 2580, 2582, 2592, 2593, 2594, 2595, 2596, 2597, 2598, 2609, 2610, 2611, 2613, 2614, 2615, 2616, 2617, 2618, 2620, 2621, 2622, 2623, 2624, 2626, 2627, 2628, 2629, 2630, 2631, 2632, 2635, 2638, 2641, 2642, 2644, 2645, 2646, 2647, 