{"meta": {"version": "5.0.4", "timestamp": "2025-05-11T02:14:51.443958", "branch_coverage": false, "show_contexts": false}, "files": {"black.py": {"executed_lines": [1, 2, 3, 4, 5, 6, 7, 8, 9, 10, 11, 12, 13, 14, 15, 16, 17, 18, 37, 38, 39, 40, 43, 44, 45, 46, 49, 50, 51, 54, 55, 59, 60, 61, 62, 63, 64, 65, 66, 67, 68, 69, 70, 71, 72, 73, 74, 76, 77, 80, 81, 84, 85, 92, 93, 94, 95, 97, 98, 105, 106, 107, 108, 111, 112, 113, 114, 115, 117, 118, 131, 165, 166, 174, 183, 191, 197, 206, 211, 216, 229, 241, 250, 259, 260, 268, 277, 278, 364, 407, 476, 527, 563, 589, 622, 639, 646, 648, 649, 650, 651, 652, 653, 654, 655, 668, 669, 670, 673, 679, 682, 683, 685, 701, 708, 709, 710, 712, 732, 733, 744, 745, 746, 747, 757, 758, 759, 760, 768, 784, 785, 792, 799, 811, 828, 844, 845, 846, 847, 848, 849, 850, 866, 869, 870, 871, 873, 874, 875, 876, 877, 878, 880, 920, 924, 932, 943, 956, 965, 978, 987, 992, 993, 994, 996, 997, 998, 999, 1000, 1001, 1003, 1031, 1048, 1049, 1053, 1054, 1058, 1059, 1063, 1064, 1072, 1073, 1079, 1080, 1098, 1099, 1114, 1115, 1123, 1132, 1139, 1193, 1215, 1235, 1244, 1262, 1277, 1282, 1283, 1284, 1292, 1293, 1294, 1295, 1297, 1309, 1348, 1393, 1394, 1395, 1401, 1402, 1403, 1404, 1406, 1422, 1450, 1456, 1470, 1491, 1498, 1514, 1529, 1535, 1539, 1544, 1549, 1573, 1574, 1575, 1576, 1577, 1578, 1581, 1811, 1829, 1837, 1862, 1876, 1967, 1968, 1971, 1994, 1995, 1996, 1997, 1998, 1999, 2002, 2003, 2032, 2051, 2120, 2162, 2258, 2284, 2290, 2291, 2296, 2299, 2300, 2363, 2364, 2392, 2406, 2424, 2440, 2507, 2555, 2562, 2616, 2632, 2656, 2666, 2689, 2710, 2733, 2739, 2752, 2768, 2796, 2808, 2827, 2857, 2911, 2913, 2914, 2915, 2916, 2917, 2918, 2920, 2925, 2928, 2929, 2930, 2931, 2932, 2933, 2934, 2935, 2937, 2938, 2939, 2940, 2942, 2943, 2946, 2989, 2990, 3019, 3020, 3021, 3023, 3024, 3025, 3026, 3027, 3028, 3030, 3046, 3051, 3055, 3056, 3074, 3104, 3167, 3185, 3199, 3210, 3217, 3239, 3248, 3258, 3266, 3289, 3303, 3339, 3428, 3432, 3450, 3456, 3472, 3487, 3509], "summary": {"covered_lines": 337, "num_statements": 1786, "percent_covered": 18.868980963045914, "missing_lines": 1449, "excluded_lines": 0}, "missing_lines": [99, 100, 102, 121, 122, 123, 124, 125, 126, 127, 128, 139, 140, 141, 142, 143, 144, 146, 148, 149, 150, 151, 152, 154, 155, 157, 158, 159, 162, 295, 296, 299, 300, 301, 302, 303, 304, 305, 306, 307, 308, 309, 310, 311, 312, 313, 314, 315, 316, 317, 320, 322, 324, 325, 326, 327, 328, 330, 331, 340, 341, 342, 343, 356, 357, 358, 359, 360, 361, 378, 379, 380, 381, 384, 386, 387, 388, 389, 390, 391, 392, 399, 400, 401, 402, 403, 404, 424, 425, 426, 427, 428, 429, 430, 431, 432, 433, 434, 437, 438, 439, 452, 453, 454, 455, 456, 458, 459, 460, 461, 462, 463, 464, 465, 466, 468, 469, 470, 471, 472, 473, 489, 490, 492, 493, 494, 495, 496, 499, 500, 502, 503, 504, 505, 506, 507, 508, 509, 510, 511, 512, 513, 519, 520, 522, 523, 524, 539, 540, 541, 542, 543, 544, 546, 547, 550, 553, 554, 555, 556, 557, 558, 559, 560, 576, 577, 579, 580, 581, 583, 584, 585, 586, 596, 597, 598, 599, 600, 601, 602, 603, 608, 609, 610, 611, 612, 613, 614, 615, 616, 617, 618, 619, 628, 629, 630, 631, 633, 634, 635, 636, 657, 658, 659, 660, 661, 662, 663, 664, 666, 675, 676, 695, 696, 698, 699, 703, 704, 705, 713, 714, 715, 716, 717, 718, 719, 721, 722, 724, 725, 726, 729, 730, 738, 739, 740, 741, 895, 896, 898, 899, 900, 901, 902, 903, 904, 905, 906, 907, 908, 910, 911, 912, 913, 914, 915, 916, 917, 918, 922, 930, 937, 938, 940, 941, 949, 950, 951, 952, 954, 958, 959, 960, 961, 963, 971, 972, 973, 974, 976, 980, 981, 982, 983, 985, 989, 1013, 1014, 1015, 1017, 1018, 1019, 1022, 1025, 1026, 1027, 1028, 1029, 1037, 1038, 1039, 1041, 1042, 1046, 1051, 1056, 1061, 1066, 1075, 1082, 1083, 1084, 1085, 1087, 1088, 1089, 1090, 1091, 1104, 1117, 1125, 1126, 1127, 1128, 1130, 1133, 1134, 1135, 1137, 1141, 1146, 1148, 1149, 1150, 1152, 1153, 1154, 1155, 1156, 1160, 1161, 1162, 1166, 1167, 1168, 1169, 1170, 1171, 1174, 1176, 1177, 1178, 1180, 1181, 1182, 1183, 1184, 1185, 1187, 1188, 1189, 1191, 1195, 1199, 1200, 1202, 1203, 1205, 1206, 1207, 1208, 1209, 1212, 1213, 1220, 1221, 1223, 1224, 1225, 1226, 1229, 1231, 1232, 1233, 1237, 1238, 1239, 1240, 1241, 1242, 1246, 1247, 1248, 1250, 1252, 1253, 1254, 1256, 1257, 1258, 1264, 1265, 1267, 1268, 1269, 1270, 1271, 1272, 1273, 1274, 1275, 1279, 1303, 1304, 1305, 1306, 1307, 1310, 1311, 1312, 1313, 1315, 1316, 1317, 1318, 1320, 1321, 1322, 1323, 1324, 1325, 1327, 1328, 1329, 1331, 1337, 1339, 1344, 1346, 1351, 1352, 1353, 1355, 1357, 1358, 1360, 1363, 1365, 1370, 1372, 1373, 1374, 1375, 1376, 1378, 1380, 1381, 1383, 1385, 1387, 1388, 1389, 1390, 1414, 1415, 1416, 1418, 1419, 1420, 1424, 1425, 1426, 1427, 1429, 1430, 1432, 1433, 1437, 1439, 1440, 1442, 1443, 1444, 1445, 1446, 1447, 1448, 1453, 1454, 1461, 1465, 1468, 1484, 1485, 1486, 1487, 1489, 1493, 1494, 1496, 1500, 1501, 1502, 1503, 1505, 1506, 1507, 1510, 1511, 1512, 1516, 1518, 1519, 1520, 1522, 1523, 1525, 1526, 1527, 1531, 1532, 1533, 1537, 1541, 1542, 1545, 1546, 1547, 1551, 1552, 1553, 1554, 1557, 1558, 1559, 1562, 1563, 1564, 1565, 1566, 1567, 1568, 1569, 1570, 1587, 1588, 1589, 1590, 1591, 1592, 1593, 1594, 1596, 1597, 1599, 1600, 1605, 1607, 1608, 1609, 1610, 1611, 1613, 1614, 1615, 1617, 1618, 1620, 1622, 1623, 1624, 1630, 1632, 1636, 1638, 1639, 1640, 1642, 1643, 1644, 1646, 1651, 1653, 1662, 1664, 1665, 1667, 1669, 1670, 1672, 1674, 1675, 1677, 1679, 1680, 1682, 1683, 1684, 1686, 1689, 1691, 1692, 1694, 1696, 1697, 1698, 1699, 1701, 1703, 1704, 1706, 1707, 1708, 1709, 1710, 1712, 1713, 1715, 1716, 1718, 1720, 1721, 1723, 1724, 1725, 1726, 1728, 1729, 1731, 1733, 1735, 1736, 1737, 1739, 1740, 1741, 1743, 1744, 1745, 1747, 1748, 1750, 1752, 1753, 1754, 1755, 1757, 1759, 1760, 1762, 1763, 1765, 1767, 1769, 1770, 1772, 1774, 1775, 1776, 1777, 1779, 1780, 1781, 1785, 1787, 1788, 1790, 1791, 1793, 1794, 1795, 1796, 1798, 1799, 1800, 1802, 1803, 1805, 1806, 1808, 1813, 1814, 1815, 1816, 1817, 1819, 1820, 1822, 1823, 1825, 1826, 1831, 1832, 1833, 1834, 1842, 1843, 1844, 1845, 1846, 1847, 1849, 1850, 1852, 1853, 1855, 1856, 1858, 1859, 1870, 1871, 1873, 1884, 1887, 1889, 1895, 1897, 1902, 1904, 1905, 1907, 1912, 1914, 1915, 1917, 1922, 1924, 1929, 1931, 1932, 1934, 1935, 1937, 1947, 1949, 1959, 1961, 1962, 1964, 1990, 1991, 2004, 2005, 2006, 2008, 2009, 2010, 2011, 2012, 2013, 2014, 2015, 2016, 2018, 2019, 2021, 2022, 2023, 2028, 2029, 2040, 2041, 2042, 2044, 2045, 2046, 2047, 2048, 2064, 2065, 2066, 2068, 2069, 2072, 2073, 2076, 2077, 2080, 2081, 2082, 2083, 2084, 2085, 2090, 2092, 2093, 2095, 2096, 2100, 2101, 2102, 2103, 2104, 2106, 2109, 2110, 2113, 2114, 2117, 2127, 2128, 2129, 2130, 2131, 2132, 2133, 2134, 2135, 2136, 2141, 2142, 2143, 2144, 2145, 2146, 2148, 2149, 2151, 2152, 2153, 2154, 2155, 2156, 2157, 2158, 2159, 2173, 2174, 2175, 2176, 2177, 2178, 2179, 2180, 2181, 2182, 2183, 2184, 2185, 2186, 2187, 2188, 2189, 2190, 2191, 2192, 2193, 2194, 2196, 2197, 2198, 2201, 2204, 2205, 2206, 2207, 2208, 2209, 2210, 2211, 2212, 2229, 2230, 2231, 2232, 2234, 2235, 2239, 2243, 2244, 2251, 2252, 2253, 2254, 2255, 2272, 2273, 2274, 2275, 2277, 2278, 2292, 2293, 2294, 2306, 2307, 2308, 2309, 2311, 2312, 2313, 2314, 2315, 2317, 2318, 2319, 2321, 2322, 2323, 2325, 2328, 2329, 2330, 2331, 2333, 2334, 2336, 2337, 2339, 2340, 2342, 2343, 2346, 2347, 2348, 2349, 2351, 2352, 2353, 2359, 2360, 2366, 2367, 2369, 2371, 2374, 2375, 2376, 2377, 2379, 2380, 2382, 2383, 2385, 2386, 2388, 2389, 2394, 2395, 2396, 2397, 2412, 2413, 2414, 2415, 2416, 2417, 2418, 2419, 2421, 2431, 2432, 2433, 2434, 2435, 2436, 2437, 2448, 2449, 2450, 2452, 2453, 2454, 2455, 2456, 2457, 2459, 2460, 2461, 2462, 2463, 2465, 2466, 2467, 2468, 2469, 2470, 2471, 2474, 2477, 2480, 2481, 2483, 2484, 2485, 2486, 2487, 2488, 2489, 2490, 2492, 2493, 2495, 2496, 2497, 2498, 2499, 2501, 2502, 2504, 2516, 2517, 2519, 2521, 2522, 2523, 2524, 2525, 2526, 2528, 2529, 2530, 2531, 2532, 2535, 2537, 2538, 2539, 2541, 2542, 2543, 