{"meta": {"version": "5.0.4", "timestamp": "2025-05-11T02:50:07.720181", "branch_coverage": false, "show_contexts": false}, "files": {"black.py": {"executed_lines": [1, 2, 3, 4, 5, 6, 7, 8, 9, 10, 11, 12, 13, 14, 15, 16, 17, 18, 38, 39, 40, 41, 44, 45, 46, 47, 50, 51, 52, 55, 56, 60, 61, 62, 63, 64, 65, 66, 67, 68, 69, 70, 71, 72, 73, 74, 75, 77, 78, 81, 82, 85, 86, 93, 94, 100, 104, 107, 113, 114, 117, 118, 121, 122, 123, 124, 126, 127, 134, 135, 136, 137, 140, 141, 142, 143, 144, 146, 147, 160, 194, 195, 203, 212, 220, 226, 235, 240, 245, 258, 270, 279, 288, 289, 297, 306, 307, 393, 436, 505, 556, 592, 618, 650, 667, 674, 701, 707, 710, 711, 713, 729, 736, 737, 738, 740, 760, 761, 770, 771, 772, 773, 783, 784, 785, 793, 809, 810, 817, 824, 841, 857, 858, 859, 860, 861, 862, 863, 879, 882, 883, 884, 886, 887, 888, 889, 890, 891, 893, 933, 937, 945, 956, 969, 978, 991, 1000, 1005, 1006, 1007, 1009, 1010, 1011, 1012, 1013, 1014, 1016, 1044, 1061, 1062, 1066, 1067, 1071, 1072, 1076, 1077, 1085, 1086, 1092, 1093, 1111, 1112, 1127, 1128, 1136, 1145, 1152, 1206, 1228, 1248, 1257, 1275, 1290, 1295, 1296, 1298, 1318, 1331, 1335, 1339, 1344, 1345, 1346, 1354, 1355, 1356, 1357, 1359, 1374, 1450, 1451, 1452, 1458, 1459, 1460, 1461, 1463, 1482, 1494, 1535, 1541, 1555, 1576, 1583, 1599, 1614, 1620, 1624, 1629, 1647, 1671, 1672, 1673, 1674, 1675, 1676, 1679, 1909, 1927, 1935, 1949, 2040, 2097, 2116, 2185, 2227, 2323, 2349, 2355, 2356, 2361, 2364, 2365, 2428, 2429, 2457, 2471, 2489, 2505, 2572, 2620, 2644, 2654, 2677, 2698, 2721, 2727, 2740, 2756, 2784, 2796, 2815, 2845, 2899, 2934, 2946, 2947, 2948, 2965, 2966, 2995, 2996, 2997, 2999, 3000, 3001, 3002, 3003, 3004, 3006, 3022, 3027, 3031, 3032, 3050, 3080, 3143, 3161, 3175, 3186, 3193, 3215, 3224, 3234, 3242, 3265, 3279, 3315, 3404, 3408, 3426, 3432, 3448, 3463], "summary": {"covered_lines": 302, "num_statements": 1763, "percent_covered": 17.12989222915485, "missing_lines": 1461, "excluded_lines": 0}, "missing_lines": [101, 102, 105, 109, 110, 128, 129, 131, 150, 151, 152, 153, 154, 155, 156, 157, 168, 169, 170, 171, 172, 173, 175, 177, 178, 179, 180, 181, 183, 184, 186, 187, 188, 191, 324, 325, 328, 329, 330, 331, 332, 333, 334, 335, 336, 337, 338, 339, 340, 341, 342, 343, 344, 345, 346, 349, 351, 353, 354, 355, 356, 357, 359, 360, 369, 370, 371, 372, 385, 386, 387, 388, 389, 390, 407, 408, 409, 410, 413, 415, 416, 417, 418, 419, 420, 421, 428, 429, 430, 431, 432, 433, 453, 454, 455, 456, 457, 458, 459, 460, 461, 462, 463, 466, 467, 468, 481, 482, 483, 484, 485, 487, 488, 489, 490, 491, 492, 493, 494, 495, 497, 498, 499, 500, 501, 502, 518, 519, 521, 522, 523, 524, 525, 528, 529, 531, 532, 533, 534, 535, 536, 537, 538, 539, 540, 541, 542, 548, 549, 551, 552, 553, 568, 569, 570, 571, 572, 573, 575, 576, 579, 582, 583, 584, 585, 586, 587, 588, 589, 605, 606, 608, 609, 610, 612, 613, 614, 615, 625, 626, 627, 628, 629, 630, 631, 636, 637, 638, 639, 640, 641, 642, 643, 644, 645, 646, 647, 656, 657, 658, 659, 661, 662, 663, 664, 676, 677, 678, 679, 680, 681, 682, 683, 685, 686, 687, 688, 689, 690, 691, 692, 694, 696, 697, 698, 703, 704, 723, 724, 726, 727, 731, 732, 733, 741, 742, 743, 744, 745, 746, 747, 749, 750, 752, 753, 754, 757, 758, 766, 767, 908, 909, 911, 912, 913, 914, 915, 916, 917, 918, 919, 920, 921, 923, 924, 925, 926, 927, 928, 929, 930, 931, 935, 943, 950, 951, 953, 954, 962, 963, 964, 965, 967, 971, 972, 973, 974, 976, 984, 985, 986, 987, 989, 993, 994, 995, 996, 998, 1002, 1026, 1027, 1028, 1030, 1031, 1032, 1035, 1038, 1039, 1040, 1041, 1042, 1050, 1051, 1052, 1054, 1055, 1059, 1064, 1069, 1074, 1079, 1088, 1095, 1096, 1097, 1098, 1100, 1101, 1102, 1103, 1104, 1117, 1130, 1138, 1139, 1140, 1141, 1143, 1146, 1147, 1148, 1150, 1154, 1159, 1161, 1162, 1163, 1165, 1166, 1167, 1168, 1169, 1173, 1174, 1175, 1179, 1180, 1181, 1182, 1183, 1184, 1187, 1189, 1190, 1191, 1193, 1194, 1195, 1196, 1197, 1198, 1200, 1201, 1202, 1204, 1208, 1212, 1213, 1215, 1216, 1218, 1219, 1220, 1221, 1222, 1225, 1226, 1233, 1234, 1236, 1237, 1238, 1239, 1242, 1244, 1245, 1246, 1250, 1251, 1252, 1253, 1254, 1255, 1259, 1260, 1261, 1263, 1265, 1266, 1267, 1269, 1270, 1271, 1277, 1278, 1280, 1281, 1282, 1283, 1284, 1285, 1286, 1287, 1288, 1292, 1306, 1307, 1308, 1309, 1310, 1312, 1313, 1314, 1315, 1316, 1323, 1324, 1326, 1327, 1328, 1329, 1333, 1337, 1341, 1365, 1366, 1368, 1369, 1370, 1371, 1372, 1375, 1376, 1377, 1378, 1380, 1381, 1382, 1383, 1385, 1386, 1387, 1388, 1389, 1390, 1392, 1393, 1394, 1395, 1396, 1397, 1399, 1401, 1402, 1404, 1407, 1409, 1414, 1416, 1417, 1418, 1419, 1420, 1421, 1423, 1425, 1427, 1428, 1429, 1430, 1432, 1438, 1440, 1445, 1447, 1471, 1472, 1473, 1475, 1476, 1478, 1479, 1480, 1487, 1489, 1492, 1496, 1497, 1498, 1499, 1500, 1502, 1503, 1505, 1506, 1510, 1512, 1513, 1515, 1516, 1517, 1518, 1520, 1523, 1524, 1527, 1528, 1529, 1530, 1531, 1532, 1533, 1538, 1539, 1546, 1550, 1553, 1569, 1570, 1571, 1572, 1574, 1578, 1579, 1581, 1585, 1586, 1587, 1588, 1590, 1591, 1592, 1595, 1596, 1597, 1601, 1603, 1604, 1605, 1607, 1608, 1610, 1611, 1612, 1616, 1617, 1618, 1622, 1626, 1627, 1631, 1632, 1633, 1636, 1637, 1638, 1639, 1640, 1641, 1643, 1645, 1649, 1650, 1651, 1652, 1655, 1656, 1657, 1660, 1661, 1662, 1663, 1664, 1665, 1666, 1667, 1668, 1685, 1686, 1687, 1688, 1689, 1690, 1691, 1692, 1694, 1695, 1697, 1698, 1703, 1705, 1706, 1707, 1708, 1709, 1711, 1712, 1713, 1715, 1716, 1718, 1720, 1721, 1722, 1728, 1730, 1734, 1736, 1737, 1738, 1740, 1741, 1742, 1744, 1749, 1751, 1760, 1762, 1763, 1765, 1767, 1768, 1770, 1772, 1773, 1775, 1777, 1778, 1780, 1781, 1782, 1784, 1787, 1789, 1790, 1792, 1794, 1795, 1796, 1797, 1799, 1801, 1802, 1804, 1805, 1806, 1807, 1808, 1810, 1811, 1813, 1814, 1816, 1818, 1819, 1821, 1822, 1823, 1824, 1826, 1827, 1829, 1831, 1833, 1834, 1835, 1837, 1838, 1839, 1841, 1842, 1843, 1845, 1846, 1848, 1850, 1851, 1852, 1853, 1855, 1857, 1858, 1860, 1861, 1863, 1865, 1867, 1868, 1870, 1872, 1873, 1874, 1875, 1877, 1878, 1879, 1883, 1885, 1886, 1888, 1889, 1891, 1892, 1893, 1894, 1896, 1897, 1898, 1900, 1901, 1903, 1904, 1906, 1911, 1912, 1913, 1914, 1915, 1917, 1918, 1920, 1921, 1923, 1924, 1929, 1930, 1931, 1932, 1943, 1944, 1946, 1957, 1960, 1962, 1968, 1970, 1975, 1977, 1978, 1980, 1985, 1987, 1988, 1990, 1995, 1997, 2002, 2004, 2005, 2007, 2008, 2010, 2020, 2022, 2032, 2034, 2035, 2037, 2059, 2060, 2061, 2063, 2064, 2066, 2067, 2068, 2069, 2070, 2071, 2072, 2073, 2074, 2076, 2077, 2079, 2080, 2081, 2083, 2084, 2086, 2087, 2088, 2090, 2091, 2092, 2094, 2105, 2106, 2107, 2109, 2110, 2111, 2112, 2113, 2129, 2130, 2131, 2133, 2134, 2137, 2138, 2141, 2142, 2145, 2146, 2147, 2148, 2149, 2150, 2155, 2157, 2158, 2160, 2161, 2165, 2166, 2167, 2168, 2169, 2171, 2174, 2175, 2178, 2179, 2182, 2192, 2193, 2194, 2195, 2196, 2197, 2198, 2199, 2200, 2201, 2206, 2207, 2208, 2209, 2210, 2211, 2213, 2214, 2216, 2217, 2218, 2219, 2220, 2221, 2222, 2223, 2224, 2238, 2239, 2240, 2241, 2242, 2243, 2244, 2245, 2246, 2247, 2248, 2249, 2250, 2251, 2252, 2253, 2254, 2255, 2256, 2257, 2258, 2259, 2261, 2262, 2263, 2266, 2269, 2270, 2271, 2272, 2273, 2274, 2275, 2276, 2277, 2294, 2295, 2296, 2297, 2299, 2300, 2304, 2308, 2309, 2316, 2317, 2318, 2319, 2320, 2337, 2338, 2339, 2340, 2342, 2343, 2357, 2358, 2359, 2371, 2372, 2373, 2374, 2376, 2377, 2378, 2379, 2380, 2382, 2383, 2384, 2386, 2387, 2388, 2390, 2393, 2394, 2395, 2396, 2398, 2399, 2401, 2402, 2404, 2405, 2407, 2408, 2411, 2412, 2413, 2414, 2416, 2417, 2418, 2424, 2425, 2431, 2432, 2434, 2436, 2439, 2440, 2441, 2442, 2444, 2445, 2447, 2448, 2450, 2451, 2453, 2454, 2459, 2460, 2461, 2462, 2477, 2478, 2479, 2480, 2481, 2482, 2483, 2484, 2486, 2496, 2497, 2498, 2499, 2500, 2501, 2502, 2513, 2514, 2515, 2517, 2518, 2519, 2520, 2521, 2522, 2524, 2525, 2526, 2527, 2528, 2530, 2531, 2532, 2533, 2534, 2535, 2536, 2539, 2542, 2545, 2546, 2548, 2549, 2550, 2551, 2552, 2553, 2554, 2555, 2557, 2558, 2560, 2561, 2562, 2563, 2564, 2566, 2567, 2569, 2581, 2582, 2583, 2584, 2586, 