{"meta": {"version": "5.0.4", "timestamp": "2025-05-11T03:46:06.928459", "branch_coverage": false, "show_contexts": false}, "files": {"black.py": {"executed_lines": [3, 4, 5, 6, 7, 8, 9, 10, 11, 12, 13, 14, 15, 16, 17, 34, 35, 38, 39, 40, 41, 43, 44, 46, 47, 48, 49, 50, 51, 52, 53, 54, 55, 56, 57, 60, 61, 64, 65, 72, 73, 79, 83, 86, 92, 93, 96, 97, 100, 101, 102, 103, 106, 107, 115, 124, 129, 134, 143, 144, 151, 152, 218, 272, 284, 285, 286, 287, 290, 310, 336, 345, 348, 358, 363, 381, 389, 391, 392, 395, 396, 397, 398, 401, 402, 403, 404, 405, 408, 410, 417, 423, 426, 427, 429, 445, 452, 453, 454, 456, 476, 477, 486, 487, 488, 489, 499, 500, 501, 509, 524, 525, 526, 527, 528, 529, 530, 533, 534, 535, 537, 538, 539, 540, 542, 578, 582, 591, 592, 593, 595, 596, 597, 598, 599, 600, 601, 603, 630, 647, 648, 652, 653, 657, 658, 662, 663, 671, 672, 693, 694, 705, 706, 714, 723, 772, 786, 795, 817, 830, 839, 854, 859, 860, 862, 882, 895, 899, 903, 908, 909, 910, 917, 918, 919, 921, 937, 991, 992, 993, 998, 1000, 1019, 1031, 1071, 1077, 1082, 1104, 1116, 1131, 1137, 1163, 1167, 1172, 1190, 1209, 1210, 1211, 1212, 1213, 1214, 1217, 1458, 1476, 1490, 1546, 1557, 1614, 1633, 1690, 1731, 1795, 1821, 1827, 1828, 1833, 1836, 1837, 1900, 1901, 1929, 1943, 1961, 2018, 2055, 2065, 2088, 2111, 2123, 2148, 2149, 2154, 2169, 2170, 2171, 2172, 2173, 2174, 2175, 2176, 2178, 2190, 2195, 2196, 2214, 2244, 2307, 2323, 2325, 2327, 2330, 2331, 2332, 2334, 2337, 2348, 2355, 2377], "summary": {"covered_lines": 246, "num_statements": 1258, "percent_covered": 19.554848966613672, "missing_lines": 1012, "excluded_lines": 0}, "missing_lines": [80, 81, 84, 88, 89, 162, 163, 164, 165, 166, 167, 169, 170, 171, 173, 174, 175, 176, 177, 179, 180, 181, 182, 184, 185, 186, 187, 188, 189, 190, 191, 192, 196, 199, 200, 201, 202, 204, 205, 206, 207, 208, 214, 215, 234, 235, 238, 239, 240, 246, 247, 248, 249, 250, 251, 252, 253, 254, 255, 256, 257, 258, 259, 260, 262, 263, 264, 265, 266, 267, 268, 269, 291, 293, 294, 295, 296, 297, 298, 299, 300, 301, 302, 303, 305, 306, 307, 318, 319, 320, 321, 322, 324, 325, 328, 329, 330, 331, 332, 333, 346, 349, 350, 352, 353, 354, 355, 364, 365, 366, 367, 368, 369, 370, 371, 372, 373, 374, 375, 376, 377, 378, 393, 394, 399, 406, 407, 412, 413, 414, 419, 420, 439, 440, 442, 443, 447, 448, 449, 457, 458, 459, 460, 461, 462, 463, 465, 466, 468, 469, 470, 473, 474, 482, 483, 557, 558, 560, 561, 562, 563, 564, 565, 566, 567, 568, 570, 571, 572, 573, 574, 575, 576, 580, 588, 613, 614, 615, 617, 620, 621, 622, 623, 624, 625, 627, 628, 636, 637, 638, 640, 641, 645, 650, 655, 660, 665, 674, 675, 676, 677, 679, 680, 681, 682, 683, 699, 708, 716, 717, 718, 719, 721, 725, 730, 732, 733, 734, 736, 737, 738, 739, 740, 745, 746, 747, 748, 749, 750, 753, 755, 756, 757, 759, 760, 761, 762, 763, 764, 766, 767, 768, 770, 778, 779, 780, 781, 782, 784, 788, 789, 790, 791, 793, 797, 801, 802, 804, 805, 807, 808, 809, 810, 811, 814, 815, 819, 820, 821, 824, 826, 827, 828, 832, 833, 834, 835, 836, 837, 841, 842, 844, 845, 846, 847, 848, 849, 850, 851, 852, 856, 870, 871, 872, 873, 874, 876, 877, 878, 879, 880, 887, 888, 890, 891, 892, 893, 897, 901, 905, 928, 929, 931, 932, 933, 934, 935, 938, 939, 940, 941, 943, 944, 945, 946, 948, 949, 950, 951, 952, 953, 954, 955, 956, 957, 959, 961, 963, 965, 966, 967, 968, 970, 971, 973, 979, 981, 986, 988, 1008, 1009, 1010, 1012, 1013, 1015, 1016, 1017, 1024, 1026, 1029, 1033, 1034, 1035, 1036, 1037, 1039, 1040, 1042, 1043, 1047, 1049, 1050, 1052, 1053, 1054, 1055, 1057, 1060, 1061, 1064, 1065, 1066, 1067, 1068, 1069, 1074, 1075, 1080, 1097, 1098, 1099, 1100, 1102, 1106, 1107, 1108, 1109, 1110, 1113, 1114, 1118, 1120, 1121, 1122, 1124, 1125, 1127, 1128, 1129, 1133, 1134, 1135, 1143, 1144, 1145, 1146, 1148, 1149, 1152, 1153, 1154, 1156, 1160, 1161, 1165, 1169, 1170, 1174, 1175, 1176, 1179, 1180, 1181, 1182, 1183, 1184, 1186, 1188, 1192, 1193, 1194, 1195, 1196, 1197, 1198, 1201, 1202, 1203, 1204, 1205, 1206, 1219, 1220, 1221, 1222, 1223, 1224, 1225, 1226, 1228, 1229, 1231, 1232, 1233, 1235, 1236, 1237, 1238, 1239, 1241, 1242, 1244, 1245, 1246, 1249, 1251, 1255, 1257, 1258, 1269, 1271, 1272, 1273, 1275, 1280, 1282, 1291, 1293, 1294, 1296, 1298, 1299, 1301, 1302, 1304, 1306, 1307, 1309, 1310, 1312, 1314, 1315, 1317, 1318, 1319, 1321, 1324, 1326, 1327, 1329, 1331, 1332, 1333, 1334, 1336, 1338, 1339, 1341, 1342, 1343, 1344, 1345, 1347, 1348, 1350, 1351, 1353, 1355, 1356, 1358, 1359, 1360, 1361, 1363, 1364, 1366, 1368, 1370, 1371, 1372, 1374, 1375, 1376, 1378, 1379, 1380, 1382, 1383, 1385, 1387, 1388, 1389, 1390, 1392, 1395, 1397, 1398, 1400, 1402, 1408, 1409, 1411, 1413, 1414, 1416, 1417, 1419, 1421, 1422, 1423, 1424, 1426, 1427, 1428, 1432, 1434, 1435, 1437, 1438, 1440, 1441, 1442, 1443, 1445, 1446, 1447, 1449, 1450, 1452, 1453, 1455, 1460, 1461, 1462, 1463, 1464, 1466, 1467, 1469, 1470, 1472, 1473, 1484, 1485, 1487, 1498, 1505, 1507, 1512, 1514, 1515, 1517, 1522, 1524, 1530, 1532, 1538, 1540, 1541, 1543, 1551, 1576, 1577, 1578, 1580, 1581, 1583, 1584, 1585, 1586, 1587, 1588, 1589, 1590, 1591, 1593, 1594, 1596, 1597, 1598, 1600, 1601, 1603, 1604, 1605, 1607, 1608, 1609, 1611, 1622, 1623, 1624, 1626, 1627, 1628, 1629, 1630, 1646, 1647, 1648, 1650, 1651, 1656, 1657, 1660, 1661, 1662, 1663, 1665, 1666, 1670, 1671, 1672, 1673, 1674, 1676, 1679, 1680, 1683, 1684, 1687, 1696, 1697, 1698, 1699, 1700, 1701, 1702, 1703, 1704, 1705, 1710, 1711, 1712, 1713, 1714, 1715, 1717, 1718, 1720, 1721, 1722, 1723, 1724, 1725, 1726, 1727, 1728, 1735, 1736, 1737, 1738, 1739, 1740, 1741, 1742, 1743, 1744, 1745, 1746, 1747, 1748, 1749, 1750, 1751, 1752, 1753, 1754, 1755, 1756, 1758, 1759, 1760, 1762, 1765, 1766, 1767, 1768, 1769, 1770, 1771, 1772, 1781, 1784, 1785, 1786, 1788, 1789, 1790, 1791, 1792, 1809, 1810, 1811, 1812, 1814, 1815, 1829, 1830, 1831, 1843, 1844, 1845, 1846, 1848, 1849, 1850, 1853, 1854, 1856, 1857, 1858, 1860, 1863, 1864, 1865, 1866, 1868, 1869, 1871, 1872, 1874, 1875, 1877, 1878, 1883, 1884, 1885, 1886, 1888, 1889, 1890, 1896, 1897, 1903, 1904, 1906, 1908, 1911, 1912, 1913, 1914, 1916, 1917, 1919, 1920, 1922, 1923, 1925, 1926, 1931, 1932, 1933, 1934, 1949, 1950, 1951, 1952, 1953, 1954, 1955, 1956, 1958, 1969, 1970, 1971, 1973, 1974, 1975, 1976, 1977, 1978, 1980, 1981, 1982, 1983, 1984, 1986, 1987, 1988, 1989, 1990, 1991, 1994, 1997, 1999, 2000, 2003, 2004, 2006, 2007, 2008, 2009, 2010, 2012, 2013, 2015, 2024, 2025, 2026, 2027, 2028, 2033, 2034, 2035, 2037, 2038, 2039, 2041, 2042, 2043, 2044, 2047, 2048, 2049, 2050, 2052, 2057, 2067, 2068, 2069, 2071, 2072, 2077, 2079, 2081, 2089, 2090, 2092, 2093, 2094, 2095, 2097, 2098, 2099, 2100, 2102, 2103, 2104, 2105, 2107, 2108, 2117, 2118, 2119, 2120, 2130, 2131, 2132, 2133, 2134, 2136, 2141, 2142, 2143, 2145, 2158, 2159, 2160, 2161, 2163, 2165, 2166, 2180, 2181, 2182, 2183, 2184, 2186, 2187, 2188, 2192, 2193, 2206, 2207, 2209, 2210, 2212, 2219, 2220, 2221, 2222, 2224, 2225, 2226, 2227, 2228, 2229, 2230, 2233, 2234, 2235, 2236, 2237, 2238, 2241, 2247, 2248, 2250, 2252, 2254, 2255, 2256, 2257, 2258, 2260, 2262, 2263, 2264, 2265, 2267, 2268, 2271, 2273, 2275, 2276, 2277, 2278, 2279, 2285, 2286, 2287, 2288, 2289, 2295, 2296, 2297, 2298, 2299, 2309, 2310, 2311, 2315, 2333, 2339, 2341, 2342, 2343, 2350, 2351, 2352, 2357, 2359, 2360, 2361, 2363, 2364, 2365, 2372, 2373, 2374, 2378], "excluded_lines": []}, "tests/__init__.py": {"executed_lines": [1], "summary": {"covered_lines": 0, "num_statements": 0, "percent_covered": 100.0, "missing_lines": 0, "excluded_lines": 0}, "missing_lines": [], "excluded_lines": []},